{
    "id": "hackmaster5e",
    "title": "Hackmaster",
    "description": "Implementation of Hackmaster for FoundryVTT.",
    "url": "https://github.com/freelinhummel/hackmaster5e-fvtt",
    "version": "1.0.0",
    "compatibility": {
        "minimum": "12",
        "verified": "12"
    },
    "manifestPlusVersion": "1.2.0",
    "templateVersion": 1,
    "authors": [{"name": "n0q", "discord": "n0qtrnl"}],
    "media": [{
        "type": "cover",
        "url": "https://raw.githubusercontent.com/n0q/hackmaster5e-fvtt/main/header.jpg",
        "caption": "Hackmaster"
    }],
    "socket": true,
    "esmodules": [
        "greensock/esm/all.js",
        "hm.js"
    ],
    "styles": ["styles/hackmaster.css"],
    "packs": [
        {
            "label": "Beasts, Basic",
            "type": "Actor",
            "name": "hm5ebbeasts",
            "path": "packs/hm5ebbeasts",
            "system": "hackmaster5e"
        },
        {
            "label": "Hackmaster, Basic",
            "type": "Item",
            "name": "hm5ebasic",
            "path": "packs/hm5ebasic",
            "system": "hackmaster5e"
        },
        {
            "label": "Documentation",
            "type": "JournalEntry",
            "name": "hmdocs",
            "path": "packs/documentation.db",
            "system": "hackmaster5e"
        },
        {
            "label": "Hackmaster Macros",
            "type": "Macro",
            "name": "hm5emacros",
            "path": "packs/hm5emacros",
            "system": "hackmaster5e"
        }
    ],
    "languages": [
        {  
            "lang": "en",
            "name": "English",
            "path": "lang/en.json"
        }
    ],
    "grid": {"distance": 5, "units": "ft"},
    "initiative": "@bonus.total.init",
    "primaryTokenAttribute": "hp",
    "flags": { "allowBugReporter": true },
    "bugs": "https://github.com/freelinhummel/hackmaster5e-fvtt/issues",
    "manifest": "https://github.com/freelinhummel/hackmaster5e-fvtt/releases/latest/download/system.json",
    "download": "https://github.com/freelinhummel/hackmaster5e-fvtt/releases/latest/download/hackmaster5e.zip"
}
