{
    "Actor": {
        "types": ["character", "beast"],
        "templates": {
            "base": {
                "sp":    {"value": 0, "max": 0},
                "bonus": {"total": {}, "misc": {}}
            },

            "priors": {
                "bio": {"quirks": "", "history": "", "wealth": "", "family": ""},
                "priors": {
                    "alignment": "non",
                    "age": null,
                    "bmi": null,
                    "height": null,
                    "handedness": "right",
                    "sex": 0,
                    "hair": null,
                    "eyes": null,
                    "gawd": null,
                    "annointed": false,
                    "weight": null
                }
            }
        },

        "character": {
            "templates": ["base", "priors"],
            "hp":    {"value": 0, "max": 0},
            "luck":  {"value": 0, "max": 0},
            "ep":    {"value": 0, "max": 0},
            "honor": {"value": 10, "bracket": 2},
            "fame":  {"value": 0, "bracket": 0},
            "bp": 40,
            "abilities": {
                "total": null,
                "base": {
                    "str": {"value": 10, "fvalue": 1},
                    "int": {"value": 10, "fvalue": 1},
                    "wis": {"value": 10, "fvalue": 1},
                    "dex": {"value": 10, "fvalue": 1},
                    "con": {"value": 10, "fvalue": 1},
                    "lks": {"value": 10, "fvalue": 1},
                    "cha": {"value": 10, "fvalue": 1}
                },
                "misc": {
                    "str": {"value": 0,  "fvalue": 0},
                    "int": {"value": 0,  "fvalue": 0},
                    "wis": {"value": 0,  "fvalue": 0},
                    "dex": {"value": 0,  "fvalue": 0},
                    "con": {"value": 0,  "fvalue": 0},
                    "lks": {"value": 0,  "fvalue": 0},
                    "cha": {"value": 0,  "fvalue": 0}
                }
            }
        },

        "beast": {
            "templates": ["base"],
            "bio": {"desc": "", "tactics": "", "habitat": "", "ecology": ""},
            "hp": {"value": 0, "max": null, "formula": null},
            "ep": {"value": 0},
            "scale": 3,
            "level": 1,
            "movespd": {
                "gnd": {"crawl": 2.5, "walk": 5, "jog": 10, "run": 15, "sprint": 20}
            }
        }
    },

    "Item": {
        "types": [
            "armor",         "cclass",    "currency",   "item",
            "proficiency",   "race",      "skill",     "spell",
            "talent",        "weapon",    "wound"
        ],

        "templates": {
            "base": {
                "description": ""
            },

            "thing": {
                "state": 0,
                "weight": 0,
                "price": null,
                "avail": {"high": 0, "med": 0, "low": 0}
            },

            "container": {
                "container": {
                    "enabled": false,
                    "type": 0,
                    "capacity": 0,
                    "_manifest": []
                }
            }
        },

        "armor": {},

        "cclass": {
            "templates": ["base"],
            "level": 1,
            "bonus": null,
            "top_cf": 0.01,
            "hp": 0,
            "features": {
                "sp":   false,
                "atk":  false,
                "dmg":  false,
                "def":  false,
                "spd":  false,
                "spdm": false,
                "spdr": false,
                "init": false,
                "back": false,
                "luck": false,
                "assn": false,
                "slvl": false
            },
            "caps": {
                "fcast": false,
                "hprof": false
            },
            "ptable": {}
        },

        "currency": {},

        "item": {
            "templates": ["base", "thing", "container"],
            "qidx": 3,
            "qty":  1
        },

        "proficiency": {
            "templates": ["base"],
            "bonus": {"atk": 0, "def": 0, "dmg": 0, "spd": 0},
            "skill": null,
            "weapon":     {"checked": false},
            "ranged":     {"checked": false},
            "mechanical": {"checked": false}
        },

        "race": {},
        "spell": {},
        "skill": {},

        "talent": {
            "templates": ["base"],
            "type": 0,
            "bonus": {"atk": 0, "def": 0, "dmg": 0, "spd": 0, "reach": 0},
            "changes": null,
            "weapon": {"ranged": false, "mechanical": false}
        },

        "weapon": {
            "templates": ["base", "thing"],
            "innate": false,
            "proficiency": null,
            "scale": 3,
            "skill": null,
            "bonus": {
                "total": {"atk": 0, "def": 0, "dmg": 0, "spd": 0, "jspd": 0},
                "base":  {"atk": 0, "def": 0, "dmg": 0, "spd": 0, "jspd": 0},
                "mod":   {"atk": 0, "def": 0, "dmg": 0, "spd": 0}
            },
            "dmg":  {"normal": "", "shield": "", "type": "hacking"},
            "jab":  {"normal": "", "shield": "", "checked": false},
            "caps": {},
            "req": {"str": 0},
            "qn": 0,
            "reach": 0,
            "defdie": 0,
            "ranged": {
                "checked": false,
                "reach": {"0": 5, "1": 0, "2": 0, "3": 0, "4": 0},
                "timing": {"load": 0, "draw": 0, "aim": 0, "fire": 0, "recover": 0}
            }
        },

        "wound": {}
    }
}
